{
  "code_acc": 0.37875,
  "code_accumulate_acc": 0.462890625,
  "case_acc": 0.7377232142857143,
  "case_accumulate_acc": 0.8377681518151815,
  "p_01_as_logged": 0.1989830508474576,
  "p_00": 0.06272189349112427,
  "bon_by_scale": [
    {
      "num_code": 4,
      "num_gen_tests": 4,
      "acc": 0.48,
      "accumulate_acc": 0.5475
    },
    {
      "num_code": 16,
      "num_gen_tests": 16,
      "acc": 0.53,
      "accumulate_acc": 0.61375
    }
  ]
}